ID,Name,Long,Lat,1964,1982,1990,2000
1001310108,Shanghai,121.473704,31.230393,6376930,7271863,9017658,16407734
1002110104,Beijing,116.407526,39.90403,4033296,5582094,7940610,13569194
1005120111,Tianjin,117.200983,39.084158,3392987,4653605,4879289,8043650
2003440104,Guangzhou,113.264435,23.129163,2134254,3377911,4551206,10710678
2008210114,Shenyang,123.43147,41.80572,2579428,3362860,4253301,4933231
2004420104,Wuhan,114.305357,30.593087,2098202,2910173,3539237,8312700
2013230106,Haerbin,126.534967,45.803775,1699561,2296177,2812986,3481504
2026370302,Zibo,118.055007,36.813497,450192,2231519,2484206,2052580
2010610113,Xian,108.940175,34.341568,806578,2218521,2241645,3917677
1007500103,Chongqing,106.551557,29.56301,1695096,2075979,3614293,5481105
2012320114,Nanjing,118.796877,32.060255,1383370,1886631,2538092,3624234
2020140106,Taiyuan,112.550619,37.870662,855226,1792459,1927336,2558382
2009510107,Chengdu,104.064856,30.658601,1111496,1642698,2393993,4339240
2014220112,Changchun,125.323542,43.817084,994618,1530419,1841352,3044549
2015210202,Dalian,121.614682,38.914003,1273943,1304458,2225609,2948945
2016210202,Dalian,121.614682,38.914003,502358,1304458,2225609,2948945
2025620104,Lanzhou,103.834377,36.061255,736978,1179837,1472369,2087759
2019370105,Jinan,116.994917,36.665282,843669,1144081,1922283,2632671
2049210303,Anshan,122.994646,41.108546,751527,1112547,1378222,1389660
2042210402,Fushun,123.957208,41.880872,894988,1097388,1330391,1434447
2018370205,Qingdao,120.382504,36.06722,857877,1089353,1810596,2720972
2039130206,Tangshan,118.180407,39.630476,644600,1067960,1347320,1529719
2017530112,Kunming,102.722202,25.037721,587883,1050799,1116028,2848208
2045230204,Qiqihaer,123.918186,47.354348,705734,1027030,1289007,1428937
2021410102,Zhengzhou,113.625368,34.7466,587855,1021245,1529495,2501024
2022330106,Hangzhou,120.155069,30.274089,742655,1019994,1399818,2451319
2023350103,Fuzhou,119.296494,26.074508,570509,958734,1395739,2124435
2024430111,Changsha,112.938814,28.228209,667051,955854,1283900,2122873
2030360103,Nanchang,115.858089,28.68316,580383,923502,1243989,1818628
2029130105,Shijiazhuang,114.51486,38.042307,430111,919178,1324949,1935553
2035220203,Jilin,125.326065,43.896082,627617,910956,1212111,1652616
2044150205,Baotou,109.840386,40.657447,584930,908838,1148650,1432575
2028520103,Guiyang,106.630143,26.647449,605572,906449,1394475,1953652
2053130402,Handan,114.539085,36.625604,306179,770165,1050198,1329734
2046320203,Wuxi,120.303027,31.566145,470047,749226,998186,1425766
2064140212,Datong,113.300126,40.076816,386276,722803,804013,1053616
2048320303,Xuzhou,117.284067,34.20475,436003,720842,914220,1392707
2069210503,Benxi,123.766485,41.294176,492118,709198,888314,943774
2087230704,Yichun,114.416778,27.815619,460332,676069,803999,814016
2034340103,Hefei,117.227271,31.821448,342299,666489,756772,1659075
2058410303,Luoyang,112.45429,34.618452,322500,657664,740622,1233775
2073230307,Jixi,130.969333,45.295075,393237,640987,773356,910782
2051340404,Huainan,116.999933,32.625478,354418,629397,1239952,1357228
2050370702,Weifang,119.16193,36.706691,147805,621722,765704,1380300
2052320503,Suzhou,120.585316,31.298886,135219,621463,835997,1344709
2041450106,Nanning,108.365631,22.817642,324691,588383,980939,1464560
2091210903,Fuxin,121.670325,42.021619,411153,583645,710362,785561
2057230602,Daqing,125.104637,46.59019,255470,553168,907138,1236933
2047150104,Huhehaote,111.748847,40.84231,301269,541743,857596,1406955
2056440509,Shantou,116.681838,23.353299,325084,524033,820440,1270112
2081630103,Xining,101.778228,36.617144,213020,519760,653458,854466
2066450203,Liuzhou,109.415953,24.325502,257085,516880,751311,1043458
3054440582,Chaoyang,116.443188,39.921034,132335,515795,776628,1308176
2036330304,Wenzhou,120.699367,27.994267,271697,513696,556738,1583387
2108230407,Hegang,130.298101,47.349935,311640,503070,638388,694640
2089231003,Mudanjiang,129.633169,44.551653,298725,497903,672087,807194
2092210711,Jinzhou,121.127004,41.09512,374683,497058,666078,776628
2110210603,Dandong,124.384913,40.127344,336028,481281,618606,684190
2111210603,Dandong,124.384913,40.127344,336028,481281,618606,684190
2063320404,Changzhou,119.974454,31.810077,277816,470692,702198,1081845
2136410203,Kaifeng,114.307582,34.797239,453262,465860,506506,578635
2119340204,Wuhu,118.432941,31.352859,280946,456219,533258,641259
2124230802,Jiamusi,130.318917,46.799923,260231,456187,615669,624598
2077130705,Zhangjiakou,114.887543,40.824418,343499,438675,530277,872361
2148211404,Huludao,120.836932,40.711052,192199,428452,358572,538847
2076430412,Hengyang,112.5719,26.89384,153684,418996,617367,879051
2093410703,Xinxiang,113.9268,35.303004,221486,417563,559042,775941
2075130602,Baoding,115.464806,38.873891,224091,416484,563362,902496
2071320902,Yancheng,120.163561,33.347378,92559,414373,732801,925591
2088340303,Bengbu,117.389719,32.916287,265870,406716,446162,809399
2115420204,Huangshi,115.03852,30.199652,190380,404393,528085,653722
2037330211,Ningbo,121.54399,29.868336,258735,399868,949240,1567499
2114140303,Yangquan,113.580415,37.856658,130384,386310,541679,655317
2116211003,Liaoyang,123.172838,41.269493,204292,385974,587108,651570
2067370404,Zaozhuang,117.323725,34.810488,120937,378906,637430,1025957
2129511502,Zigong,104.778442,29.33903,239426,377270,390147,601010
2104430302,Xiangtan,112.944049,27.829738,219199,376790,534381,707783
2123210802,Yingkou,122.235418,40.667012,225857,370122,524441,630208
2011441901,Dongguan,113.751765,23.020536,153109,369986,1741731,3870036
2113410803,Jiaozuo,113.241823,35.215893,159140,362804,521190,674387
2074421002,Jingzhou,112.239741,30.335165,116969,361877,372216,909698
2095410502,Anyang,114.392756,36.097593,192098,360068,522428,768992
2065370802,Jining,116.587099,35.414921,111206,352509,559683,1050522
2082430211,Zhuzhou,113.133775,27.827827,190740,343996,507459,837102
2079410411,Pingdingshan,113.192814,33.76619,103839,342205,571731,871274
2027350205,Xiamen,118.08942,24.479836,233841,342139,491934,1982449
2166230505,Shuangyashan,131.159553,46.646923,198161,340279,476277,487294
2085440803,Zhanjiang,110.359387,21.270702,157662,339949,705844,832273
2099341202,Fuyang,115.814205,32.890124,88574,339687,495594,742862
2182511112,Leshan,103.765568,29.552106,179554,338806,426038,459507
2043442001,Zhongshan,113.392795,22.516686,77189,333252,1237432,1434251
2126320611,Nantong,120.894332,31.980184,136159,327589,444969,611736
2096450311,Guilin,110.290195,25.273566,155118,325491,488153,764424
2102420502,Yichang,111.286471,30.691967,111671,325039,460734,712738
2107321111,Zhenjiang,119.45722,32.199147,174442,321802,495277,695663
3230152104,Yakeshi,120.711741,49.285901,196620,320420,377378,386434
2168411502,Xinyang,114.091289,32.147015,100344,315267,374262,485996
2179220403,Liaoyuan,125.143532,42.887918,238096,315092,392088,462233
2100340603,Huaibei,116.798265,33.955845,201292,314443,484990,741195
2159140411,Changzhi,113.116255,36.195386,98230,313158,484709,499095
2101130303,Qinhuangdao,119.600492,39.935377,163930,312464,468587,718229
2152440204,Shaoguan,113.597522,24.810403,99685,308329,421526,535979
2181220503,Tonghua,125.939697,41.728401,168734,307648,382643,460148
2162220382,Siping,124.350398,43.16642,190792,292729,407186,492841
2031340504,Suzhou,120.585316,31.298886,451495,289872,257705,1806874
2139340504,Maanshan,118.50676,31.670452,135219,289872,302675,567576
2078420602,Xiangfan,112.122415,32.008986,88768,289146,505405,871388
2190330903,Zhoushan,122.206604,29.985451,205824,287323,364541,448787
2055370602,Yantai,121.447926,37.463819,157141,284024,452944,1294598
2220610203,Tongchuan,108.945233,34.896756,143221,282522,354199,404257
2103321011,Yangzhou,119.412966,32.39421,160309,282087,419871,711993
2151130503,Xingtai,114.504844,37.070589,86866,282071,363134,536282
2125320704,Lianyungang,119.221282,34.596544,171596,280176,472278,624022
3344230781,Tieli,128.032422,46.98664,156720,277896,219393,277640
2040371311,Linyi,118.356448,35.104672,64665,277698,903488,1483941
3274440782,Xinhui,113.034187,22.4583,90022,277321,188999,340214
2130610302,Baoji,107.237974,34.36198,145752,276084,405816,600377
2305231202,Suihua,126.980006,46.636631,112049,274245,278171,313253
2167371202,Laiwu,117.676731,36.213691,251200,273618,320698,486737
2070370902,Taian,117.087614,36.200252,75120,273023,735169,937761
2086610403,Xianyang,108.709003,34.329563,96425,267116,540037,823213
2146360403,Jiujiang,116.001951,29.705103,105409,266950,379689,551329
2135340802,Anqing,117.056857,30.524895,126263,264245,397540,582751
2072430603,Yueyang,113.128958,29.357104,75553,262840,529843,912993
2090370503,Dongying,118.674767,37.434751,130164,262576,474732,788844
2198130804,Chengde,117.962411,40.954071,100009,259129,334285,437251
2094150403,Chifeng,118.886856,42.257817,121746,258900,345035,769645
2193360203,Jingdezhen,117.17842,29.268836,175346,258041,340737,444720
2137640103,Yinchuan,106.230909,38.487194,121029,254819,436264,578362
2221610602,Yanan,109.489727,36.585455,152359,253353,341802,403868
2109520302,Zunyi,106.927389,27.725654,42864,251342,278821,691694
3306210882,Dashiqiao,122.509131,40.644622,63079,243124,251313,313250
3292230181,Acheng,126.958098,45.54867,87807,237629,208757,323973
3361230183,Shangzhi,127.960688,45.210945,102698,234868,237267,267942
3138441581,Lufeng,115.65226,22.917576,116204,234709,274727,569299
2183430502,Shaoyang,111.467791,27.238893,98209,233564,393066,459089
3338231083,Hailin,129.380486,44.594136,129927,232489,236573,282714
2147360313,Pingxiang,113.854676,27.622865,147245,230456,313668,546851
3156429004,Xiantao,113.454593,30.362641,62283,229658,202984,518807
2161510504,Luzhou,105.442347,28.87182,161595,227855,338034,495223
2208330702,Jinhua,119.647445,29.079059,72386,226741,305448,424859
2206150304,Wuhai,106.794205,39.655024,85818,224655,302761,427553
2283350702,Nanping,118.177708,26.641769,100077,222441,273323,331631
3366230184,Wuchang,126.233,45.8333,98142,219754,200237,262584
2195130903,Cangzhou,116.838835,38.304477,70942,218170,294138,443561
2303640203,Shizuishan,106.383047,38.984346,63655,213872,278705,314296
2127371002,Weihai,122.12042,37.513068,201471,212518,262790,609219
2188330411,Jiaxing,120.758543,30.753924,126280,211063,231481,451443
3464220281,Jiaohe,89.066056,42.953244,115164,209378,176367,207818
3427321084,Gaoyou,119.459165,32.781665,57117,208396,227333,225160
2235450403,Wuzhou,111.27917,23.47691,125128,206949,298915,381043
2222320811,Huaiyin,119.015288,33.61036,117880,206665,342960,401407
3310532501,Gejiu,103.160034,23.359121,139158,204627,213192,309486
2295220802,Baicheng,122.839024,45.619641,108452,202745,282281,323009
3377220283,Shulan,126.965922,44.406254,85492,201626,193202,257126
3163440583,Chenghai,116.756092,23.46596,76858,201330,249273,492076
3244429005,Qianjiang,112.900079,30.40211,27372,201275,252810,372811
2287360702,Ganzhou,114.935025,25.831925,130120,200317,223950,328309
3171500381,Jiangjin,106.25927,29.29018,108889,199272,310930,479917
2098460102,Haikou,110.328859,20.030793,123312,198395,374542,757640
3207429006,Tianmen,113.16653,30.663372,75539,197698,202694,425090
3333222403,Dunhua,128.232013,43.372413,134554,197123,231593,286554
2189410603,Hebi,114.297273,35.747225,82912,195839,302315,450741
2062350505,Quanzhou,118.586812,24.907574,106144,195679,366635,1089507
3218320586,Wuxian,103.598291,30.499976,85818,193875,415545,405542
2231511702,Dazhou,107.468023,31.209572,40581,191008,251363,384525
2205511502,Yibin,104.643382,28.751812,132559,190904,295264,427706
3414330481,Haining,120.680748,30.510664,59635,189138,179104,231629
2080510704,Mianyang,104.679114,31.46745,82876,187831,505985,865807
2150440703,Jiangmen,113.081901,22.578738,101640,185786,220895,536317
2228211202,Tieling,123.726163,42.22297,106251,182512,296159,387634
2132520201,Liupanshui,104.830359,26.592666,28867,182430,265643,592488
3216370983,Feicheng,116.768358,36.182571,36066,182010,183241,407676
3289220581,Meihekou,125.683832,42.530341,92680,180615,208218,327125
3617231283,Hailun,126.973143,47.461971,71574,178659,125328,144242
2068450902,Yulin,109.734556,38.285342,58433,177993,161990,987912
3474211382,Lingyuan,119.401574,41.245445,38340,177001,193429,201030
3180500382,Hechuan,106.276085,29.972052,97984,175664,165776,461985
2229510811,Guangyuan,105.843357,32.435435,83370,174115,174115,386846
2144371400,Dezhou,116.357465,37.434093,88697,173902,186218,552445
3322330682,Shangyu,120.868122,30.033121,42010,173174,240038,297118
3347331021,Yuhuan,121.231805,28.13593,19095,172729,186879,276488
3038440682,Nanhai,113.143313,23.028904,93290,172557,210233,1533141
3313220381,Gongzhuling,124.82283,43.504687,120424,172032,179425,305382
3403220282,Huadian,126.74631,42.972097,70358,171991,177856,238655
3250510781,Jiangyou,104.745731,31.777979,61654,171399,169666,366716
2149441702,Yangjiang,111.982232,21.857958,95917,170963,211060,538069
2291140702,Jinzhong,112.752695,37.687024,70805,170503,194805,324878
3337320585,Taicang,121.13055,31.457735,36094,169730,174437,284415
3157370883,Zoucheng,117.003743,35.405185,13144,167213,224375,518486
2360650205,Kelamayi,84.889207,45.579889,71198,167010,208238,270232
2243411002,Xuchang,113.85264,34.035506,91532,166886,295926,373387
2307610702,Hanzhong,107.023323,33.06748,67801,166653,247716,312225
2314,Jincheng,112.851768,35.49087,40922,165567,259925,304221
2204420902,Xiaogan,113.916903,30.924568,58210,165430,240477,427881
3362330183,Fuyang,115.814205,32.890124,88574,165087,202715,267427
2270340702,Tongling,117.810841,30.94453,75742,164493,265342,345222
2176350602,Zhangzhou,117.647481,24.512949,109496,163643,227655,468714
2296350403,Sanming,117.638678,26.263407,53262,163445,238267,322481
3442220182,Yushu,126.533,44.8,44894,162128,143866,219514
3378654101,Yining,81.329324,43.912945,91825,161344,181819,256588
2247360502,Xinyu,114.91741,27.817819,44555,161138,166488,369361
2437610902,Ankang,109.029022,32.684715,49584,159305,203825,221409
3323330683,Shengzhou,120.821587,29.588497,31954,158863,250118,296761
2217350802,Longyan,117.017705,25.075129,47139,157816,328425,407459
3467220621,Fusong,127.280736,42.341935,77640,157358,208400,205577
3456440281,Lechang,113.347519,25.130136,45866,157174,138256,210108
2059331004,Taizhou,121.420757,28.656386,94698,156104,266804,1200809
2277341402,Chaohu,117.864722,31.597853,48482,155963,121845,335830
2253510603,Deyang,104.398021,31.126856,78085,155699,251363,365172
3391330483,Tongxiang,120.565102,30.63007,45965,153710,203778,249692
3532230382,Mishan,131.877823,45.546466,92346,153345,163028,174453
3174370982,Xintai,117.767953,35.909032,17796,153179,214177,471084
2006440308,Shenzhen,114.057868,22.543099,37887,151921,975512,7008831
3336130982,Renqiu,116.099562,38.711812,6098,151572,216270,285132
2032511302,Nanchong,106.110698,30.837793,114108,151284,533799,1771920
2122371102,Rizhao,119.526888,35.416377,135960,150787,248388,631562
2184411403,Shangqiu,115.65637,34.414172,68240,150596,164475,457625
2376232703,Daxinganlingdiqu,126.6363366,45.8149575,40359,150383,150698,257150
3278421083,Honghu,113.466434,29.805489,53899,149993,210848,335618
2256445102,Chaozhou,116.622597,23.656972,96189,149986,216872,363582
2084430902,Yiyang,112.35518,28.55386,87642,149201,183395,833353
3473220881,Taonan,122.786735,45.335961,69471,148547,135113,201042
3257222401,Yanji,129.513914,42.906959,81550,148155,234809,362905
2242421102,Huanggang,114.872316,30.453906,29120,146459,192845,373568
3227420881,Zhongxiang,112.588121,31.16782,49430,143440,125779,391102
2259520402,Anshun,105.947594,26.253072,75034,142815,185523,360558
3382152101,Hailaer,119.736406,49.2122,87222,142125,180217,253576
2118440902,Maoming,110.925456,21.662999,38089,140951,532715,644301
2331411202,Sanmenxia,111.20023,34.772424,45816,140408,198569,288746
3319370785,Gaomi,119.755597,36.382595,46646,139838,137020,298610
2369441802,Qingyuan,113.056031,23.681764,62848,139078,137840,261597
2186431003,Chenzhou,113.014718,25.77051,91752,139017,169707,456529
2187431003,Chenzhou,113.014718,25.77051,91752,139017,169707,456529
2203510902,Suining,105.592898,30.532847,73371,138999,139894,428262
3502350481,Yongan,117.365053,25.941937,53209,138893,135152,190456
3401152601,Jining,116.587099,35.414921,86547,138454,161287,240592
3418350981,Fuan,119.64777,27.088049,50485,138038,105265,228294
2197441202,Zhaoqing,112.465091,23.047192,62624,136857,292871,438157
3364330784,Yongkang,120.047394,28.888782,127080,136711,142722,265423
3500532502,Kaiyuan,103.233,23.7,86685,136629,160083,190692
2155371702,Heze,115.480656,35.23375,41923,136439,216381,525234
3272440783,Kaiping,112.698534,22.376484,46860,136202,182201,343233
3454220882,Daan,121.614682,38.914003,56422,135732,129377,212781
2248141000,Linfen,111.51888,36.088067,47371,135153,185775,368399
2145420702,Ezhou,114.894843,30.39194,41175,134838,144391,551876
3330370281,Jiaozhou,120.033345,36.264664,38562,133843,162603,289436
3381430481,Leiyang,120.711607,36.97891,55989,133690,133142,254217
3553330182,Jiande,119.281212,29.474765,48268,130490,122214,166717
2264360803,Jian,114.992912,27.113039,77543,130481,141702,350738
2169450803,Guigang,109.598927,23.111531,55762,129202,143986,481334
3352622301,Wuwei,102.638009,37.928336,60724,128304,131442,273047
3302370882,Yanzhou,116.783834,35.553144,42013,128206,131929,315156
3301440883,Wuchuan,110.77821,21.441863,38662,126075,126198,317602
2172371502,Liaocheng,115.985371,36.456704,46013,125542,158881,475546
3438231181,Beian,126.481867,48.239136,125431,125431,242857,221381
3060440681,Shunde,113.293359,22.80524,125404,125404,626480,1175386
2237620502,Tianshui,105.724947,34.580862,60789,123809,240568,377370
3406350982,Fuding,120.216978,27.324479,39514,123410,82917,235806
3285370682,Laiyang,120.711607,36.97891,25248,123151,150437,330269
3340370781,Qingzhou,118.479622,36.684528,41581,122927,103833,280492
3345441881,Yingde,113.415045,24.186062,63176,122809,133925,277261
3246440881,Lianjiang,119.539719,26.197368,42161,122732,156383,369365
2224371602,Binzhou,117.970703,37.38199,50473,122227,132396,395757
3367510181,Dujiangyan,103.646956,30.988411,62589,122178,117986,262421
2288361102,Shangrao,117.943433,28.454863,58964,120903,124168,327703
2354140802,Yuncheng,111.007324,35.026372,32963,120246,159807,271820
3561222405,Longjing,129.427066,42.766311,121258,120204,140664,162897
3318420984,Hanchuan,113.839149,30.661244,48781,120027,120653,301811
3142330782,Yiwu,120.075058,29.306841,21269,119929,114258,560317
3514360983,Gaoan,115.375616,28.417255,29038,118666,172126,186513
3439421087,Songzi,111.779894,30.176768,47816,118344,99835,220548
3593220382,Shuangliao,123.502724,43.518302,62883,117604,109121,152180
2470511602,Guangan,106.633212,30.455962,46599,117063,176600,204377
2329341103,Chuzhou,118.317107,32.301556,56243,115824,124069,291763
3404652201,Hami,93.514917,42.818501,56317,115741,148130,237332
2261341002,Liuan,116.505693,31.745011,106586,115740,156965,355816
3346450881,Guiping,110.079379,23.394326,51346,115588,98101,277012
3252320382,Pizhou,118.012497,34.339032,20210,115190,118118,366496
3638230882,Fujin,132.037724,47.25011,45659,112916,129405,138010
2465140902,Xinzhou,112.734174,38.416663,22211,111839,132842,206779
3504653101,Kashen,75.989755,39.4704,77871,111570,161265,189266
3679511181,Emeishan,103.484504,29.601199,32091,111090,94943,128874
3241469003,Danzhou,109.580811,19.521134,52144,110955,124365,374164
2398321302,Suqian,118.275497,33.961994,35770,110912,113550,244651
2133441302,Huizhou,114.416196,23.111847,63101,109751,274689,591686
3707622101,Yumen,97.045535,40.291849,97934,109203,113174,122264
3452430482,Changning,121.424625,31.220366,43955,109188,222899,213236
3239610481,Xingping,108.490475,34.299221,43105,109048,177957,375962
3434510681,Guanghan,104.28243,30.97618,45348,109017,176600,222043
2194350303,Putian,119.007777,25.454085,59759,108607,157456,443926
2263361002,Fuzhou,119.296494,26.074508,53035,107547,168418,353211
3625222406,Helong,129.010106,42.546675,76568,107514,124388,141903
2315411102,Luohe,114.016539,33.581413,68951,106777,187792,304105
3419430981,Yuanjiang,112.355954,28.847045,37638,106615,126184,228097
3359441781,Yangchun,111.79154,22.170439,40050,105950,110480,270309
3356421281,Chibi,113.900628,29.724692,31912,105866,158262,271018
3357421281,Chibi,113.900628,29.724692,31912,105866,158262,271018
2191410902,Puyang,115.02933,35.762141,20805,105483,121711,448290
2308530302,Qujing,103.796167,25.49001,41103,103794,164853,311135
2249450702,Qinzhou,108.654543,21.980968,44197,103243,131633,367379
3518152102,Manzhouli,117.480335,49.587664,74647,102482,122137,181112
3426452402,Hezhou,111.566694,24.403582,55735,102348,125115,225723
2477330802,Quzhou,118.874375,28.93581,95361,101359,107357,199016
3450522601,Kaili,107.981121,26.566853,24929,101283,110436,213868
3178440882,Leizhou,110.096753,20.914242,40095,100299,137771,463820
2282421202,Xianning,114.322492,29.841443,19105,100121,115222,331707
2505350902,Ningde,119.547933,26.665617,26700,100115,171842,188808
3311371581,Linqing,115.704881,36.838277,63862,99806,108745,305575
3527130582,Shahe,114.5,36.85,12279,99390,124120,178024
3312420981,Yingcheng,113.572707,30.92837,29115,98970,238544,305507
3541350781,Shaowu,117.492534,27.340327,47675,98173,101116,170547
3396513401,Xichang,102.264449,27.894504,43859,97513,97513,245848
2399511402,Meishan,103.848538,30.07544,37519,96255,224600,242729
3300440982,Huazhou,110.639556,21.663889,24654,95997,97132,319850
3752361181,Dexing,117.578713,28.946464,33000,95844,81059,114925
3397652901,Akesu,80.260605,41.168779,45654,95832,130541,245602
3660360782,Nankang,114.765403,25.661471,28869,95705,163411,132462
3577350784,Jianyang,118.120463999999,27.331876,40536,95691,122323,156420
3320371081,Wendeng,122.058128,37.193913,16684,95510,123836,297483
3563222424,Wangqing,129.771607,43.312522,84391,95475,128141,162456
3294371082,Rongcheng,122.433666666667,37.125,16002,95077,96264,323226
3535130181,Xinji,115.217962,37.943268,41148,93040,134378,172870
2605511802,Yaan,103.013261,29.980537,47896,92905,94034,147474
3637431081,Zixing,113.236146,25.976243,48808,92704,112614,138215
3225440981,Gaozhou,110.85332,21.918035,37207,92664,106366,393675
3574622701,Pingliang,106.665106,35.542686,48313,92393,99265,156904
2476331102,Lishui,119.922796,28.46763,25145,91953,111987,199016
3271420683,Zaoyang,112.771959,32.128818,28024,91521,177610,344918
2304441402,Meizhou,116.122469,24.288384,65618,89800,234350,313821
3284440683,Sanshui,112.896652,23.155926,33661,89419,104199,330746
3747410781,Weihui,114.053,35.43,38688,89348,78223,115302
3298421381,Guangshui,113.82589,31.616854,40021,89284,131379,320278
3421370685,Zhaoyuan,120.434072,37.355469,35247,89156,105608,226734
3339152801,Linhe,107.426685,40.758277,17031,88865,144368,281385
2097430702,Changde,111.698497,29.031673,95674,88443,256678,759262
3629360982,Zhangshu,115.517,28.0833,44167,88411,84763,140962
3554130981,Botou,116.578368,38.083437,32684,88256,85376,165892
3390411381,Dengzhou,112.087425,32.687719,21107,87172,132178,250338
3350522401,Bijie,105.283992,27.302589,50473,87040,113079,273424
3522341181,Tianchang,119.003686,32.689438,30239,86434,158295,180114
3459441284,Sihui,112.733773,23.326504,24882,85959,96473,209261
3430522701,Duyun,107.518727,26.259407,57595,85612,132192,223538
3394370881,Qufu,116.986532,35.581137,14480,85507,82823,247660
3624420581,Yidu,111.450006,30.378327,29407,84819,139600,142496
3495140781,Jiexiu,111.916712,37.026945,24804,84795,177486,192780
3482452701,Hechi,108.085261,24.692931,18022,83977,88419,198137
3325421182,Wuxue,115.561217,29.844107,27334,83835,191471,294512
3443410183,Xinmi,113.390939,34.539449,47328,83254,86000,219437
2321341602,Bozhou,115.778676,33.844582,57625,83185,169336,297269
3260440183,Zengcheng,113.81086,23.261141,40763,82999,110661,359447
3539330482,Pinghu,121.01596,30.675767,37937,82709,102137,171529
3410622201,Zhangye,100.449822,38.925646,41821,82502,87376,232830
2392131102,Hengshui,115.69868,37.735302,15827,82406,124872,248471
3555420583,Zhijiang,111.760531,30.42594,22014,82330,77606,165240
3796231024,Dongning,131.125806,44.062672,48848,81842,87614,108859
3491520181,Qingzhen,106.470278,26.556036,19555,81071,88293,194290
3355469004,Qiongshan,110.354149,20.003143,31628,81037,84005,271084
2134420802,Jingmen,112.199265,31.035423,38222,80607,160794,583373
2105411303,Nanyang,112.528345,32.990614,17887,80253,228293,696638
3596440785,Enping,112.305126,22.183229,17641,80244,107570,151626
3643452601,Baise,106.618201,23.902333,37657,79650,80742,137165
2341512002,Ziyang,104.627636,30.128901,17063,78728,192619,280158
3351130682,Dingzhou,114.990251,38.516168,24157,78507,75965,273301
2509530402,Yuxi,102.546543,24.352036,16271,78224,167534,188580
3511421081,Shishou,112.425454,29.720938,31470,77795,68332,188409
2268431202,Huaihua,109.998488,27.554978,30463,77525,122924,346522
3543452702,Yizhou,108.636415,24.485214,32632,77442,70539,169907
3411652301,Changji,87.302493,44.012677,16588,76952,112318,232645
3503370684,Penglai,120.758848,37.810661,11170,76685,91087,189753
2420441602,Heyuan,114.700447,23.743538,43381,76527,103341,227773
3659141082,Huozhou,111.755398,36.568931,24787,76090,66959,132514
3402510183,Qionglai,103.464156,30.410275,33908,75348,61338,239331
3309420682,Laohekou,111.674928,32.38676,41465,74455,109824,309634
3457420684,Yicheng,111.286471,30.691967,14460,73902,78643,210098
3622152502,Xilinhaote,116.086032,43.933411,27077,73704,90646,142846
2469620302,Jinchang,102.188043,38.520089,37895,73240,133917,204902
2106511002,Neijiang,105.058433,29.580229,15751,73154,526733,696158
2436511902,Bazhong,106.744729,31.865236,35836,73091,121905,221889
3374450981,Beiliu,110.354215,22.708311,21352,71254,56671,258076
2389140602,Shuozhou,112.432825,39.331595,14308,71253,81752,250700
3582341182,Mingguang,117.989199,32.777056,40232,71224,75439,155007
2649360602,Yingtan,117.069202,28.260189,26521,71016,108739,135327
3682533001,Baoshan,99.161471,25.112065,27869,70545,63451,128069
3703152128,Ewenkezuzizhiqi,119.755244899999,49.1434304,18861,69212,107852,123205
3348440983,Xinyi,118.354445,34.369584,25046,69152,68914,276419
3528420582,Dangyang,111.788312,30.821266,21752,68987,67583,176580
2501610802,Yulin,109.734556,38.285342,58433,68946,79460,190664
2083440402,Zhuhai,113.576726,22.270715,22456,68868,331065,833908
3515440184,Conghua,113.586365,23.548404,18138,68650,62596,184062
3598522201,Tongren,109.189598,27.731515,35885,67203,68557,150429
3449532301,Chuxiong,101.528069,25.045532,28269,66621,106521,216199
3565420982,Anlu,113.689025,31.255594,20586,66551,59021,162216
3516530181,Anning,103.718932,36.104153,33741,66529,86160,183021
3499532101,Zhaotong,103.717465,27.338257,44963,65018,85973,191042
3570410882,Qinyang,112.950716,35.087539,14005,63848,75083,160245
3549622102,Jiuquan,98.494411,39.732488,52779,63822,73022,168129
3808410481,Wugang,111.887,29.2933,28270,62761,63175,106917
3531469005,Wenchang,110.797648,19.54339,19675,62213,64539,175524
3783360781,Ruijin,116.027135,25.885555,19873,61464,47119,110874
3618440282,Nanxiong,114.311982,25.117753,36101,61085,60861,143912
2445640302,Wuzhong,106.198225,37.997476,18374,60994,164688,218525
3508411681,Xiangcheng,114.9,33.45,21875,60544,65943,188589
3547469002,Qionghai,110.47465,19.258404,15319,60025,54143,168903
3560411481,Yongcheng,116.4495,33.929291,13638,59714,89695,163587
2444450602,Fangchenggang,108.355638,21.686114,28489,58807,95338,218636
3590612501,Shangzhou,109.941241,33.862703,14993,58736,53028,153042
3423652801,Kuerle,86.17401,41.72664,23958,58367,51675,226542
3564152103,Zhalantun,122.737467,48.013733,49874,57902,145290,162239
2496231102,Heihe,127.52846,50.245297,39720,56966,81955,192764
3710430581,Wugang,111.887,29.2933,28270,56817,51704,121698
3745140881,Yongji,110.433,34.8667,50165,55626,48495,115574
3540152921,Alashan,105.728969,38.851892,20727,55622,71678,170998
3546431281,Hongjiang,109.836669,27.208609,87053,55575,52940,168983
3556433101,Jishou,109.698092,28.26236,23781,55191,80132,165059
2368445302,Yunfu,112.044491,22.915094,14987,54994,61610,261636
3544422801,Enshi,109.488172,30.272156,47437,54982,93056,169877
3644222404,Huichun,119.2987939,26.1234705,23860,53828,88286,137163
3757422802,Lichuan,108.936376,30.290996,20080,53766,46782,114404
3702652101,Tulufan,89.189655,42.951384,17301,52833,56241,123379
3316522301,Xingyi,104.895489,25.092053,23802,51530,58276,303592
3854350782,Wuyishan,118.03531,27.756648,21675,50755,43833,100582
3498130182,Gaocheng,114.847052,38.021655,7783,50583,51499,191420
3639142302,Lishi,111.150733,37.517641,17239,49725,49064,137928
3726142303,Fenyang,111.787759,37.265454,19918,49699,47343,118677
3447152701,Dongsheng,109.963339,39.822507,19412,49131,74897,217703
3552130684,Gaobeidian,115.873758,39.326521,7935,45704,35204,166910
3486450481,Cenxi,110.994913,22.91835,12155,45460,79753,196208
2479430802,Zhangjiajie,110.479191,29.117096,13915,44481,54303,198567
3458341282,Jieshou,115.374564,33.257013,25202,44413,55457,209421
3821640381,Qingtongxia,106.078751,38.021259,13927,44206,49500,105122
3766510123,Wenjiang,103.856646,30.682203,22291,43880,50570,113645
3670469007,Dongfang,108.651775,19.095361,20403,41363,56620,130352
3409533103,Luxi,98.5833333333333,24.4333333333333,13759,40763,45087,233095
3633532801,Jinghong,100.771679,22.000143,10232,40158,54940,138989
3379532901,Dali,100.267638,25.606486,16341,38607,136956,255263
3463152827,Bayannaoer,107.387657,40.743213,21398,38176,46554,208372
3650150525,Tongliao,122.240549,43.652539,10406,37249,40190,135211
2460341802,Xuancheng,118.758816,30.940718,73636,36515,125977,209133
3571441882,Lianzhou,112.377534,24.780554,35821,35821,63336,159936
3841652303,Miquan,87.7,43.9666666666667,16904,33778,36037,101843
3408371481,Leling,117.231935,37.729907,8660,33121,35360,233927
3822140882,Hejin,112.043699999999,22.928007,4254,31875,39749,104924
2387341002,Huangshan,118.337476,29.714683,14756,31513,222546,251256
3708130683,Anguo,115.326648,38.41845,8878,29598,22576,121948
3759520382,Renhuai,106.400342,27.79165,17774,29363,30812,114304
3823140882,Hejin,110.712063,35.596383,4254,25984,39749,104924
3324152722,Yikezhao,109.8118598,39.621444,6164,25559,29439,296462
3655152632,Wulanchabu,113.132585,40.994786,9810,24786,28451,134035
3748522702,Fuquan,107.51705,26.679987,11107,23273,24067,115166
3648622103,Dunhuang,94.661881,40.14213,16709,22310,22757,135722
3758632801,Geermu,94.903801,36.403087,16719,19961,15713,114330
2173450503,Beihai,109.119899,21.481217,46765,18696,229907,475141
3510130681,Zhuozhou,115.974365,39.485284,17094,18576,72962,188532
3417152522,Xilinguole,116.048222,43.933454,4687,16502,18308,229389
3843653201,Hetian,79.922211,37.114157,25589,12888,13023,101750
3856533102,Ruili,97.851885,24.012777,3177,12369,13344,100360
2121330602,Shaoxing,120.586109,29.995762,165258,233842,293404,633118
3363210282,Pulandian,121.963201,39.394355,148125,103703,130117,266331
2120445202,Jieyang,116.372831,23.549993,132066,142765,179128,633570
3468211381,Beipiao,120.77073,41.800684,119848,154228,193511,204930
3131210381,Haicheng,122.685217,40.882377,103521,165167,207237,598195
3453220181,Jiutai,125.839574,44.151742,103088,152686,191577,212971
3140320581,Changshu,120.752507,31.653584,96875,147413,184960,565178
3455220284,Panshi,126.060427,42.946285,96151,134296,168503,212513
3153320282,Yixing,119.823166,31.340711,95647,153145,192152,534600
3213321281,Xinghua,119.852541,32.910459,93213,134626,168916,412891
3160330181,Xiaoshan,120.264494,30.182706,90066,191691,240516,496516
3165441381,Huiyang,114.456696,22.788734,87412,84614,106166,488626
3365210682,Fengcheng,124.066895,40.452322,87282,118454,148626,265130
3328330184,Yuhang,120.299402,30.419046,83951,159995,200747,293112
3416231282,Zhaodong,103.973028,28.347262,81174,139475,175001,229417
3525210781,Linghai,121.429488,29.287943,80176,62948,78982,178665
3112330282,Cixi,121.266461,30.169699,77162,165120,207178,675727
3215320584,Wujiang,120.645222,31.137729,76640,96219,120727,410656
3675231084,Ningan,129.482851,44.34072,76087,75912,95248,129692
3143320281,Jiangyin,120.284946,31.920673,73672,124367,156044,555454
3327440781,Taishan,112.8,22.25,73091,139680,175258,293725
3262320981,Dongtai,120.320627,32.866827,72711,112991,141771,354827
3448230182,Shuangcheng,126.312555,45.383285,71511,133344,167308,216351
3170350582,Jinjiang,104.083577,30.656026,71427,97885,122817,480433
3607211481,Xingcheng,120.72831,40.614763,68062,94591,118685,147186
3550210881,Gaizhou,122.348784,40.40049,66994,129797,162857,167771
3297360981,Fengcheng,115.767,28.2,64745,122688,153938,320548
3258500383,Yongchuan,105.927293,29.356134,60396,114238,143336,362379
3210320683,Tongzhou,121.073939,32.064244,60394,122255,153395,420678
3273320682,Rugao,120.573582,32.371993,58684,113126,141941,340836
3581350783,Jianou,118.304988,27.022727,58266,74700,93727,155062
3219321283,Taixing,120.051744,32.171854,58264,116183,145776,404306
3717231085,Muleng,130.524437,44.918813,57478,69532,87243,121029
3343350681,Longhai,117.818197,24.446706,57378,77058,96686,278654
3490220183,Dehui,125.705502,44.537347,57091,99687,125078,194453
3395510182,Pengzhou,103.958014,30.990109,56608,77063,96692,245869
3265330281,Yuyao,121.154629,30.037197,56392,141282,177268,348812
3405430281,Liling,113.496894,27.64613,56197,85928,107815,236428
3388320882,Huaian,119.015288,33.61036,56071,101710,127617,250702
3158370481,Tengzhou,117.164388,35.084021,55734,139922,175562,506623
3524230281,Nehe,124.884244,48.484099,55445,89020,111694,179096
3412360281,Leping,117.151796,28.97844,54578,87031,109199,232485
3232321088,Jiangdu,119.569989,32.434672,54106,112969,141744,383995
3200320583,Kunshan,120.98115,31.384913,53394,81633,102426,434429
3177330381,Ruian,120.655273,27.777511,50462,183419,230138,465230
3375431382,Lianyuan,111.664316,27.692542,49495,93541,117367,257929
3373321284,Jiangyan,120.127129,32.508753,47698,92930,116601,258211
3609210181,Xinmin,122.828091,41.99762,47328,66489,83425,146540
3485211282,Kaiyuan,124.038268,42.546307,46498,98085,123068,196517
3238350181,Fuqing,119.383735,25.720229,45325,79056,99193,376310
3266331082,Linhai,121.116666666667,28.85,45080,141996,178164,348192
3494330781,Lanxi,119.460396,29.208471,44249,76221,95635,193856
3154331081,Wenling,121.385181,28.3732,44158,153578,192696,533810
3202320483,Wujin,119.942436,31.701085,43561,116789,146536,431307
3334430181,Liuyang,113.64328,28.16379,43472,135805,170396,286516
3233441481,Xingning,115.73111,24.13663,43152,102203,128235,381745
3275321181,Danyang,119.606528,32.008662,42917,92063,115512,339123
3192320283,Xishan,120.357606,31.588533,42893,102217,128253,447149
3317320684,Haimen,121.181615,31.871173,42280,184507,231502,303543
3548510683,Mianzhu,104.22075,31.338077,40666,55880,70114,168713
3358512081,Jianyang,104.546774,30.410755,40536,87487,109771,270997
3185350583,Nanan,118.386279,24.960385,40423,63425,79580,456702
3370320982,Dafeng,120.461665,33.195112,39208,88881,111520,260613
3578210782,Beining,116.407526,39.90403,39200,59801,75033,156399
3326320481,Liyang,113.64328,28.16379,39110,96200,120703,294429
3606510184,Chongzhou,103.672999,30.63016,36702,51369,64453,147466
3481511381,Langzhong,106.005122,31.558365,35388,51856,65065,198447
3117445281,Puning,116.166004,23.297642,34607,93082,116791,646327
3461330283,Fenghua,121.406995,29.655143,32696,94190,118181,208806
3580430381,Xiangxiang,112.535028,27.73412,32663,65908,82696,156056
3175330681,Zhuji,120.236304,29.713667,32395,101656,127549,469031
3383321282,Jingjiang,120.277138,31.982751,32100,68887,86434,252903
3466411081,Yuzhou,113.464,34.1628,31578,78662,98698,206751
2286610502,Weinan,109.509786,34.499995,31435,116703,146429,329024
3342350182,Changle,119.523382,25.96312,30655,62555,78489,279122
3164330382,Leqing,120.962198,28.122909,30094,200212,251208,488980
2529341702,Chizhou,117.491568,30.6648,30082,45002,56465,175824
3542340881,Tongcheng,113.816966,29.245269,30014,39662,49765,170088
3380321081,Yizheng,119.184766,32.272258,29956,80923,101535,254666
3507430682,Linxiang,100.082523,23.895137,28935,56360,70716,188651
2276411702,Zhumadian,114.022298,33.011529,28436,95108,119333,338036
3573441283,Gaoyao,112.457775,23.025404,27911,40682,51044,157139
3492330881,Jiangshan,118.626636,28.737245,27827,67309,84453,193886
3393445381,Luoding,111.570011,22.768595,26592,70450,88395,248035
3446530381,Xuanwei,104.104475,26.219767,26463,80233,100670,217988
3371421181,Macheng,115.1,31.316667,26252,91560,114881,258848
3566360681,Guixi,117.245497,28.292519,24855,94065,118025,162123
3201320582,Zhangjiagang,120.555821,31.875428,24688,78101,97994,432352
3733341881,Ningguo,118.982981,30.633572,24008,35346,44350,117775
3415320482,Jintan,119.597897,31.723248,23986,51616,64764,229771
3595140981,Yuanping,112.711059,38.731402,22489,62538,78467,151810
3604130481,Wuan,114.196,36.6944,22229,64933,81473,147778
3475321183,Jurong,119.168695,31.944999,21929,53102,66628,199807
3226320681,Qidong,121.657428,31.80822,21367,80178,100600,392959
3267420281,Daye,114.979875,30.095643,20941,56781,71244,346853
3523500384,Nanchuan,107.099266,29.157891,20861,62063,77872,179814
3251370683,Laizhou,119.942327,37.177017,19965,118434,148600,366564
3290370181,Zhangqiu,117.534326,36.714015,19639,81201,101884,326880
3372410181,Gongyi,113.022646,34.747861,19595,107798,135255,258754
3586330185,Linan,119.724733,30.233873,19441,40128,50350,153680
3517411282,Lingbao,110.894206,34.516839,19066,52091,65359,182188
3196370282,Jimo,120.447161,36.389402,18870,53777,67475,439848
3212370783,Shouguang,118.790652,36.85548,18840,104147,130674,415466
3335320381,Xinyi,118.354445,34.369584,18787,62950,78984,285150
3236370782,Zhucheng,119.410103,35.995654,18621,77744,97546,379142
3269370283,Pingdu,119.992584,36.776382,18180,91606,114939,345937
3635130185,Luquan,114.316666666667,38.0833333333333,17082,22302,27983,138645
2240131003,Langfang,116.683752,39.538047,16978,126652,158911,375860
3521410182,Xingyang,113.383221,34.787375,16693,37873,47520,180195
3626130281,Zunhua,117.965867,40.189201,16213,43438,54503,141807
3603130282,Fengnan,118.085076,39.575013,16076,46942,58899,148192
3627142301,Xiaoyi,111.778994,37.146405,15717,66462,83391,141635
3254330783,Dongyang,120.241561,29.289634,15442,87311,109550,364412
3497410881,Jiyuan,112.601919,35.067243,14986,59661,74857,191538
3384370284,Jiaonan,120.04643,35.8725,14838,53486,67110,252217
3281370784,Anqiu,119.218978,36.478494,13442,85522,107306,333849
3520370687,Haiyang,121.158477,36.776425,13159,71123,89239,180227
3386410581,Linzhou,113.815701,36.078206,13051,45164,56668,251367
3658360481,Ruichang,115.681504,29.673795,12861,50564,63444,132531
3332370681,Longkou,120.477836,37.646064,12420,68808,86335,287024
3407370285,Laixi,120.51769,36.889084,12406,53622,67281,235264
3725140581,Gaoping,112.92392,35.797997,12282,33627,42193,119133
3663469006,Wanning,110.391073,18.795143,12201,40150,50377,131964
3681130984,Hejian,116.099518,38.446624,12056,30855,38715,128408
3385410184,Xinzheng,113.740589,34.395568,12035,31598,39647,251630
3506410782,Huixian,106.087709,33.768802,11716,41641,52248,188702
3526370686,Xixia,120.421,36.2375,11377,37379,46900,178088
3558370786,Changyi,119.398525,36.85882,11205,39838,49985,164802
3683610582,Huayin,110.092301,34.566096,10935,41170,51657,127962
3533410381,Yanshi,112.789504,34.727237,10848,39351,49375,174030
3487371482,Yucheng,116.629,36.9303,10768,44090,55320,195849
3440131081,Bazhou,116.391386,39.125898,10640,49423,62012,220081
3441131081,Bazhou,116.391386,39.125898,10640,49423,62012,220081
3656131182,Shenzhou,115.559574,38.001536,10567,26641,33427,133806
3462371083,Rushan,121.539764,36.919816,10540,85856,107725,208784
2214150100,Tongliao,122.265737,43.61944,9811,200427,251477,411625
3630610581,Hancheng,110.442847,35.476788,9390,70888,88944,140600
3572411082,Changge,113.76833,34.216688,8802,36236,45466,157758
3583410185,Dengfeng,113.050492,34.453667,8647,27883,34985,154373
3691130581,Nangong,115.386698,37.361496,8569,17456,21903,126690
3538130283,Qianan,118.701144,39.999175,7880,48130,60389,171575
3493131082,Sanhe,117.078295,39.982718,7175,34291,43026,193876
3349150421,Chifeng,118.886856,42.257817,6974,19380,24317,273746
3666321182,Yangzhong,119.797409,32.234827,6814,24604,30871,131431
3616130183,Jinzhou,121.127004,41.09512,6046,17617,22105,144252
3831131181,Jizhou,115.579334,37.550821,5309,16442,20630,103838
3592130184,Xinle,114.683766,38.343296,5240,12267,15392,152367
